protein_id,wildtype_sequence,mutation_code,mutant_sequence,fitness
demo_protein_a,VPMGHACAETPWMPYRPMNWGTQAIVNASRTECVAMCGLKKAADAQMPGPSILYTYIQYQ,WT,VPMGHACAETPWMPYRPMNWGTQAIVNASRTECVAMCGLKKAADAQMPGPSILYTYIQYQ,0.0
demo_protein_a,VPMGHACAETPWMPYRPMNWGTQAIVNASRTECVAMCGLKKAADAQMPGPSILYTYIQYQ,R30S,VPMGHACAETPWMPYRPMNWGTQAIVNASSTECVAMCGLKKAADAQMPGPSILYTYIQYQ,-0.509
demo_protein_a,VPMGHACAETPWMPYRPMNWGTQAIVNASRTECVAMCGLKKAADAQMPGPSILYTYIQYQ,A24F,VPMGHACAETPWMPYRPMNWGTQFIVNASRTECVAMCGLKKAADAQMPGPSILYTYIQYQ,0.343
demo_protein_a,VPMGHACAETPWMPYRPMNWGTQAIVNASRTECVAMCGLKKAADAQMPGPSILYTYIQYQ,L39Y,VPMGHACAETPWMPYRPMNWGTQAIVNASRTECVAMCGYKKAADAQMPGPSILYTYIQYQ,0.128
demo_protein_a,VPMGHACAETPWMPYRPMNWGTQAIVNASRTECVAMCGLKKAADAQMPGPSILYTYIQYQ,C33W,VPMGHACAETPWMPYRPMNWGTQAIVNASRTEWVAMCGLKKAADAQMPGPSILYTYIQYQ,0.144
demo_protein_a,VPMGHACAETPWMPYRPMNWGTQAIVNASRTECVAMCGLKKAADAQMPGPSILYTYIQYQ,A35R,VPMGHACAETPWMPYRPMNWGTQAIVNASRTECVRMCGLKKAADAQMPGPSILYTYIQYQ,0.356
demo_protein_a,VPMGHACAETPWMPYRPMNWGTQAIVNASRTECVAMCGLKKAADAQMPGPSILYTYIQYQ,M3H,VPHGHACAETPWMPYRPMNWGTQAIVNASRTECVAMCGLKKAADAQMPGPSILYTYIQYQ,-0.198
demo_protein_a,VPMGHACAETPWMPYRPMNWGTQAIVNASRTECVAMCGLKKAADAQMPGPSILYTYIQYQ,Y54A,VPMGHACAETPWMPYRPMNWGTQAIVNASRTECVAMCGLKKAADAQMPGPSILATYIQYQ,0.516
demo_protein_a,VPMGHACAETPWMPYRPMNWGTQAIVNASRTECVAMCGLKKAADAQMPGPSILYTYIQYQ,Q46N,VPMGHACAETPWMPYRPMNWGTQAIVNASRTECVAMCGLKKAADANMPGPSILYTYIQYQ,-0.31
demo_protein_a,VPMGHACAETPWMPYRPMNWGTQAIVNASRTECVAMCGLKKAADAQMPGPSILYTYIQYQ,K40T,VPMGHACAETPWMPYRPMNWGTQAIVNASRTECVAMCGLTKAADAQMPGPSILYTYIQYQ,-0.036
demo_protein_a,VPMGHACAETPWMPYRPMNWGTQAIVNASRTECVAMCGLKKAADAQMPGPSILYTYIQYQ,D44S,VPMGHACAETPWMPYRPMNWGTQAIVNASRTECVAMCGLKKAASAQMPGPSILYTYIQYQ,-0.322
demo_protein_a,VPMGHACAETPWMPYRPMNWGTQAIVNASRTECVAMCGLKKAADAQMPGPSILYTYIQYQ,W12Y,VPMGHACAETPYMPYRPMNWGTQAIVNASRTECVAMCGLKKAADAQMPGPSILYTYIQYQ,-0.248
demo_protein_a,VPMGHACAETPWMPYRPMNWGTQAIVNASRTECVAMCGLKKAADAQMPGPSILYTYIQYQ,G38E,VPMGHACAETPWMPYRPMNWGTQAIVNASRTECVAMCELKKAADAQMPGPSILYTYIQYQ,0.302
demo_protein_a,VPMGHACAETPWMPYRPMNWGTQAIVNASRTECVAMCGLKKAADAQMPGPSILYTYIQYQ,E32Q,VPMGHACAETPWMPYRPMNWGTQAIVNASRTQCVAMCGLKKAADAQMPGPSILYTYIQYQ,-0.506
demo_protein_a,VPMGHACAETPWMPYRPMNWGTQAIVNASRTECVAMCGLKKAADAQMPGPSILYTYIQYQ,M36L,VPMGHACAETPWMPYRPMNWGTQAIVNASRTECVALCGLKKAADAQMPGPSILYTYIQYQ,-0.318
demo_protein_a,VPMGHACAETPWMPYRPMNWGTQAIVNASRTECVAMCGLKKAADAQMPGPSILYTYIQYQ,A45W,VPMGHACAETPWMPYRPMNWGTQAIVNASRTECVAMCGLKKAADWQMPGPSILYTYIQYQ,-0.311
demo_protein_a,VPMGHACAETPWMPYRPMNWGTQAIVNASRTECVAMCGLKKAADAQMPGPSILYTYIQYQ,Y59N,VPMGHACAETPWMPYRPMNWGTQAIVNASRTECVAMCGLKKAADAQMPGPSILYTYIQNQ,0.091
demo_protein_a,VPMGHACAETPWMPYRPMNWGTQAIVNASRTECVAMCGLKKAADAQMPGPSILYTYIQYQ,L53C,VPMGHACAETPWMPYRPMNWGTQAIVNASRTECVAMCGLKKAADAQMPGPSICYTYIQYQ,0.017
demo_protein_a,VPMGHACAETPWMPYRPMNWGTQAIVNASRTECVAMCGLKKAADAQMPGPSILYTYIQYQ,E9A,VPMGHACAATPWMPYRPMNWGTQAIVNASRTECVAMCGLKKAADAQMPGPSILYTYIQYQ,-0.583
demo_protein_a,VPMGHACAETPWMPYRPMNWGTQAIVNASRTECVAMCGLKKAADAQMPGPSILYTYIQYQ,V1G,GPMGHACAETPWMPYRPMNWGTQAIVNASRTECVAMCGLKKAADAQMPGPSILYTYIQYQ,0.107
demo_protein_a,VPMGHACAETPWMPYRPMNWGTQAIVNASRTECVAMCGLKKAADAQMPGPSILYTYIQYQ,T22F,VPMGHACAETPWMPYRPMNWGFQAIVNASRTECVAMCGLKKAADAQMPGPSILYTYIQYQ,-0.105
demo_protein_a,VPMGHACAETPWMPYRPMNWGTQAIVNASRTECVAMCGLKKAADAQMPGPSILYTYIQYQ,M13S,VPMGHACAETPWSPYRPMNWGTQAIVNASRTECVAMCGLKKAADAQMPGPSILYTYIQYQ,0.035
demo_protein_a,VPMGHACAETPWMPYRPMNWGTQAIVNASRTECVAMCGLKKAADAQMPGPSILYTYIQYQ,P11Y,VPMGHACAETYWMPYRPMNWGTQAIVNASRTECVAMCGLKKAADAQMPGPSILYTYIQYQ,-0.366
demo_protein_a,VPMGHACAETPWMPYRPMNWGTQAIVNASRTECVAMCGLKKAADAQMPGPSILYTYIQYQ,I52L,VPMGHACAETPWMPYRPMNWGTQAIVNASRTECVAMCGLKKAADAQMPGPSLLYTYIQYQ,-0.959
demo_protein_a,VPMGHACAETPWMPYRPMNWGTQAIVNASRTECVAMCGLKKAADAQMPGPSILYTYIQYQ,W20C,VPMGHACAETPWMPYRPMNCGTQAIVNASRTECVAMCGLKKAADAQMPGPSILYTYIQYQ,0.33
demo_protein_a,VPMGHACAETPWMPYRPMNWGTQAIVNASRTECVAMCGLKKAADAQMPGPSILYTYIQYQ,N19R,VPMGHACAETPWMPYRPMRWGTQAIVNASRTECVAMCGLKKAADAQMPGPSILYTYIQYQ,-0.403
demo_protein_a,VPMGHACAETPWMPYRPMNWGTQAIVNASRTECVAMCGLKKAADAQMPGPSILYTYIQYQ,C33W:T22F,VPMGHACAETPWMPYRPMNWGFQAIVNASRTEWVAMCGLKKAADAQMPGPSILYTYIQYQ,0.145
demo_protein_a,VPMGHACAETPWMPYRPMNWGTQAIVNASRTECVAMCGLKKAADAQMPGPSILYTYIQYQ,P11Y:A24F,VPMGHACAETYWMPYRPMNWGTQFIVNASRTECVAMCGLKKAADAQMPGPSILYTYIQYQ,-0.011
demo_protein_a,VPMGHACAETPWMPYRPMNWGTQAIVNASRTECVAMCGLKKAADAQMPGPSILYTYIQYQ,M3H:M13S,VPHGHACAETPWSPYRPMNWGTQAIVNASRTECVAMCGLKKAADAQMPGPSILYTYIQYQ,-0.042
demo_protein_a,VPMGHACAETPWMPYRPMNWGTQAIVNASRTECVAMCGLKKAADAQMPGPSILYTYIQYQ,M13S:Q46N,VPMGHACAETPWSPYRPMNWGTQAIVNASRTECVAMCGLKKAADANMPGPSILYTYIQYQ,-0.434
demo_protein_a,VPMGHACAETPWMPYRPMNWGTQAIVNASRTECVAMCGLKKAADAQMPGPSILYTYIQYQ,A45W:C33W,VPMGHACAETPWMPYRPMNWGTQAIVNASRTEWVAMCGLKKAADWQMPGPSILYTYIQYQ,-0.036
demo_protein_a,VPMGHACAETPWMPYRPMNWGTQAIVNASRTECVAMCGLKKAADAQMPGPSILYTYIQYQ,Q46N:R30S,VPMGHACAETPWMPYRPMNWGTQAIVNASSTECVAMCGLKKAADANMPGPSILYTYIQYQ,-1.168
demo_protein_a,VPMGHACAETPWMPYRPMNWGTQAIVNASRTECVAMCGLKKAADAQMPGPSILYTYIQYQ,E32Q:I52L,VPMGHACAETPWMPYRPMNWGTQAIVNASRTQCVAMCGLKKAADAQMPGPSLLYTYIQYQ,-1.603
demo_protein_a,VPMGHACAETPWMPYRPMNWGTQAIVNASRTECVAMCGLKKAADAQMPGPSILYTYIQYQ,L39Y:L53C,VPMGHACAETPWMPYRPMNWGTQAIVNASRTECVAMCGYKKAADAQMPGPSICYTYIQYQ,0.309
demo_protein_b,NNLPIPFICSCAFQCYETDFITFQAFAFYPFSAFPQNAISRCWPIWIHMAFKESIMQCAQ,WT,NNLPIPFICSCAFQCYETDFITFQAFAFYPFSAFPQNAISRCWPIWIHMAFKESIMQCAQ,0.0
demo_protein_b,NNLPIPFICSCAFQCYETDFITFQAFAFYPFSAFPQNAISRCWPIWIHMAFKESIMQCAQ,D19S,NNLPIPFICSCAFQCYETSFITFQAFAFYPFSAFPQNAISRCWPIWIHMAFKESIMQCAQ,0.457
demo_protein_b,NNLPIPFICSCAFQCYETDFITFQAFAFYPFSAFPQNAISRCWPIWIHMAFKESIMQCAQ,A59M,NNLPIPFICSCAFQCYETDFITFQAFAFYPFSAFPQNAISRCWPIWIHMAFKESIMQCMQ,0.325
demo_protein_b,NNLPIPFICSCAFQCYETDFITFQAFAFYPFSAFPQNAISRCWPIWIHMAFKESIMQCAQ,P44Q,NNLPIPFICSCAFQCYETDFITFQAFAFYPFSAFPQNAISRCWQIWIHMAFKESIMQCAQ,0.495
demo_protein_b,NNLPIPFICSCAFQCYETDFITFQAFAFYPFSAFPQNAISRCWPIWIHMAFKESIMQCAQ,F23Q,NNLPIPFICSCAFQCYETDFITQQAFAFYPFSAFPQNAISRCWPIWIHMAFKESIMQCAQ,-0.069
demo_protein_b,NNLPIPFICSCAFQCYETDFITFQAFAFYPFSAFPQNAISRCWPIWIHMAFKESIMQCAQ,S40G,NNLPIPFICSCAFQCYETDFITFQAFAFYPFSAFPQNAIGRCWPIWIHMAFKESIMQCAQ,-0.067
demo_protein_b,NNLPIPFICSCAFQCYETDFITFQAFAFYPFSAFPQNAISRCWPIWIHMAFKESIMQCAQ,F51I,NNLPIPFICSCAFQCYETDFITFQAFAFYPFSAFPQNAISRCWPIWIHMAIKESIMQCAQ,0.303
demo_protein_b,NNLPIPFICSCAFQCYETDFITFQAFAFYPFSAFPQNAISRCWPIWIHMAFKESIMQCAQ,P30G,NNLPIPFICSCAFQCYETDFITFQAFAFYGFSAFPQNAISRCWPIWIHMAFKESIMQCAQ,-0.191
demo_protein_b,NNLPIPFICSCAFQCYETDFITFQAFAFYPFSAFPQNAISRCWPIWIHMAFKESIMQCAQ,N1A,ANLPIPFICSCAFQCYETDFITFQAFAFYPFSAFPQNAISRCWPIWIHMAFKESIMQCAQ,0.276
demo_protein_b,NNLPIPFICSCAFQCYETDFITFQAFAFYPFSAFPQNAISRCWPIWIHMAFKESIMQCAQ,F31E,NNLPIPFICSCAFQCYETDFITFQAFAFYPESAFPQNAISRCWPIWIHMAFKESIMQCAQ,-0.095
demo_protein_b,NNLPIPFICSCAFQCYETDFITFQAFAFYPFSAFPQNAISRCWPIWIHMAFKESIMQCAQ,F13H,NNLPIPFICSCAHQCYETDFITFQAFAFYPFSAFPQNAISRCWPIWIHMAFKESIMQCAQ,0.334
demo_protein_b,NNLPIPFICSCAFQCYETDFITFQAFAFYPFSAFPQNAISRCWPIWIHMAFKESIMQCAQ,S10G,NNLPIPFICGCAFQCYETDFITFQAFAFYPFSAFPQNAISRCWPIWIHMAFKESIMQCAQ,-0.087
demo_protein_b,NNLPIPFICSCAFQCYETDFITFQAFAFYPFSAFPQNAISRCWPIWIHMAFKESIMQCAQ,F34A,NNLPIPFICSCAFQCYETDFITFQAFAFYPFSAAPQNAISRCWPIWIHMAFKESIMQCAQ,-0.28
demo_protein_b,NNLPIPFICSCAFQCYETDFITFQAFAFYPFSAFPQNAISRCWPIWIHMAFKESIMQCAQ,N37M,NNLPIPFICSCAFQCYETDFITFQAFAFYPFSAFPQMAISRCWPIWIHMAFKESIMQCAQ,0.24
demo_protein_b,NNLPIPFICSCAFQCYETDFITFQAFAFYPFSAFPQNAISRCWPIWIHMAFKESIMQCAQ,I21N,NNLPIPFICSCAFQCYETDFNTFQAFAFYPFSAFPQNAISRCWPIWIHMAFKESIMQCAQ,0.129
demo_protein_b,NNLPIPFICSCAFQCYETDFITFQAFAFYPFSAFPQNAISRCWPIWIHMAFKESIMQCAQ,S54V,NNLPIPFICSCAFQCYETDFITFQAFAFYPFSAFPQNAISRCWPIWIHMAFKEVIMQCAQ,0.257
demo_protein_b,NNLPIPFICSCAFQCYETDFITFQAFAFYPFSAFPQNAISRCWPIWIHMAFKESIMQCAQ,M49N,NNLPIPFICSCAFQCYETDFITFQAFAFYPFSAFPQNAISRCWPIWIHNAFKESIMQCAQ,0.161
demo_protein_b,NNLPIPFICSCAFQCYETDFITFQAFAFYPFSAFPQNAISRCWPIWIHMAFKESIMQCAQ,I5C,NNLPCPFICSCAFQCYETDFITFQAFAFYPFSAFPQNAISRCWPIWIHMAFKESIMQCAQ,-0.24
demo_protein_b,NNLPIPFICSCAFQCYETDFITFQAFAFYPFSAFPQNAISRCWPIWIHMAFKESIMQCAQ,P35Q,NNLPIPFICSCAFQCYETDFITFQAFAFYPFSAFQQNAISRCWPIWIHMAFKESIMQCAQ,0.014
demo_protein_b,NNLPIPFICSCAFQCYETDFITFQAFAFYPFSAFPQNAISRCWPIWIHMAFKESIMQCAQ,A38K,NNLPIPFICSCAFQCYETDFITFQAFAFYPFSAFPQNKISRCWPIWIHMAFKESIMQCAQ,-0.009
demo_protein_b,NNLPIPFICSCAFQCYETDFITFQAFAFYPFSAFPQNAISRCWPIWIHMAFKESIMQCAQ,T22G,NNLPIPFICSCAFQCYETDFIGFQAFAFYPFSAFPQNAISRCWPIWIHMAFKESIMQCAQ,0.219
demo_protein_b,NNLPIPFICSCAFQCYETDFITFQAFAFYPFSAFPQNAISRCWPIWIHMAFKESIMQCAQ,W46N,NNLPIPFICSCAFQCYETDFITFQAFAFYPFSAFPQNAISRCWPINIHMAFKESIMQCAQ,-0.167
demo_protein_b,NNLPIPFICSCAFQCYETDFITFQAFAFYPFSAFPQNAISRCWPIWIHMAFKESIMQCAQ,P6T,NNLPITFICSCAFQCYETDFITFQAFAFYPFSAFPQNAISRCWPIWIHMAFKESIMQCAQ,0.601
demo_protein_b,NNLPIPFICSCAFQCYETDFITFQAFAFYPFSAFPQNAISRCWPIWIHMAFKESIMQCAQ,E53K,NNLPIPFICSCAFQCYETDFITFQAFAFYPFSAFPQNAISRCWPIWIHMAFKKSIMQCAQ,-0.075
demo_protein_b,NNLPIPFICSCAFQCYETDFITFQAFAFYPFSAFPQNAISRCWPIWIHMAFKESIMQCAQ,I45R,NNLPIPFICSCAFQCYETDFITFQAFAFYPFSAFPQNAISRCWPRWIHMAFKESIMQCAQ,0.064
demo_protein_b,NNLPIPFICSCAFQCYETDFITFQAFAFYPFSAFPQNAISRCWPIWIHMAFKESIMQCAQ,C15Y,NNLPIPFICSCAFQYYETDFITFQAFAFYPFSAFPQNAISRCWPIWIHMAFKESIMQCAQ,0.126
demo_protein_b,NNLPIPFICSCAFQCYETDFITFQAFAFYPFSAFPQNAISRCWPIWIHMAFKESIMQCAQ,M49N:P35Q,NNLPIPFICSCAFQCYETDFITFQAFAFYPFSAFQQNAISRCWPIWIHNAFKESIMQCAQ,0.093
demo_protein_b,NNLPIPFICSCAFQCYETDFITFQAFAFYPFSAFPQNAISRCWPIWIHMAFKESIMQCAQ,I45R:E53K,NNLPIPFICSCAFQCYETDFITFQAFAFYPFSAFPQNAISRCWPRWIHMAFKKSIMQCAQ,-0.168
demo_protein_b,NNLPIPFICSCAFQCYETDFITFQAFAFYPFSAFPQNAISRCWPIWIHMAFKESIMQCAQ,P35Q:E53K,NNLPIPFICSCAFQCYETDFITFQAFAFYPFSAFQQNAISRCWPIWIHMAFKKSIMQCAQ,0.375
demo_protein_b,NNLPIPFICSCAFQCYETDFITFQAFAFYPFSAFPQNAISRCWPIWIHMAFKESIMQCAQ,P6T:M49N,NNLPITFICSCAFQCYETDFITFQAFAFYPFSAFPQNAISRCWPIWIHNAFKESIMQCAQ,1.259
demo_protein_b,NNLPIPFICSCAFQCYETDFITFQAFAFYPFSAFPQNAISRCWPIWIHMAFKESIMQCAQ,I21N:P30G,NNLPIPFICSCAFQCYETDFNTFQAFAFYGFSAFPQNAISRCWPIWIHMAFKESIMQCAQ,-0.331
demo_protein_b,NNLPIPFICSCAFQCYETDFITFQAFAFYPFSAFPQNAISRCWPIWIHMAFKESIMQCAQ,F31E:S10G,NNLPIPFICGCAFQCYETDFITFQAFAFYPESAFPQNAISRCWPIWIHMAFKESIMQCAQ,-0.196
demo_protein_b,NNLPIPFICSCAFQCYETDFITFQAFAFYPFSAFPQNAISRCWPIWIHMAFKESIMQCAQ,F31E:N37M,NNLPIPFICSCAFQCYETDFITFQAFAFYPESAFPQMAISRCWPIWIHMAFKESIMQCAQ,-0.02
demo_protein_b,NNLPIPFICSCAFQCYETDFITFQAFAFYPFSAFPQNAISRCWPIWIHMAFKESIMQCAQ,F13H:F34A,NNLPIPFICSCAHQCYETDFITFQAFAFYPFSAAPQNAISRCWPIWIHMAFKESIMQCAQ,0.279
